{"cameraMode":{"drawMode":0,"name":"Shaded","section":"Shading Mode"},"sceneLighting":false,"audioPlay":false,"sceneViewState":{"showFog":true,"showMaterialUpdate":false,"showSkybox":false,"showFlares":true,"showImageEffects":true,"showParticleSystems":true},"in2DMode":false,"pivot":{"x":-0.02707018330693245,"y":-0.15256091952323914,"z":0.9879232048988342},"rotation":{"x":0.13247714936733247,"y":-0.701568067073822,"z":0.13528938591480256,"w":0.6869885325431824},"size":1.0,"orthographic":false}